{"cameraMode":{"drawMode":0,"name":"Shaded","section":"Shading Mode"},"sceneLighting":false,"audioPlay":false,"sceneViewState":{"showFog":true,"showMaterialUpdate":false,"showSkybox":true,"showFlares":true,"showImageEffects":true,"showParticleSystems":true},"in2DMode":false,"pivot":{"x":-1.7134169340133668,"y":19.171016693115236,"z":-33.18013381958008},"rotation":{"x":-0.3506881296634674,"y":-0.030324971303343774,"z":0.01136458944529295,"w":-0.9359384179115295},"size":10.449999809265137,"orthographic":false}