{"cameraMode":{"drawMode":0,"name":"Shaded","section":"Shading Mode"},"sceneLighting":true,"audioPlay":false,"sceneViewState":{"showFog":true,"showMaterialUpdate":false,"showSkybox":true,"showFlares":true,"showImageEffects":true,"showParticleSystems":true},"in2DMode":false,"pivot":{"x":-12.377398490905762,"y":5.565093517303467,"z":5.193201541900635},"rotation":{"x":0.14176763594150544,"y":0.8497768044471741,"z":-0.2882364094257355,"w":0.41804826259613039},"size":21.325523376464845,"orthographic":false}