{"cameraMode":{"drawMode":0,"name":"Shaded","section":"Shading Mode"},"sceneLighting":false,"audioPlay":false,"sceneViewState":{"showFog":true,"showMaterialUpdate":false,"showSkybox":true,"showFlares":true,"showImageEffects":true,"showParticleSystems":true},"in2DMode":false,"pivot":{"x":-20.28614044189453,"y":13.38497257232666,"z":-19.284231185913087},"rotation":{"x":-0.308009535074234,"y":-0.3808356821537018,"z":0.13621865212917329,"w":-0.8611338138580322},"size":2.7166149616241457,"orthographic":false}